"HGVS","rs_id","variant","alleles","chromStart","chromEnd","codons","peptides","peptides2"
"NC_000011.9:g.534286C>A","rs104894228","C>A","G>T",534285,534286,"GGT>TGT","G>C","Gly>Cys"
"NC_00000X.9:g.22833267G>A","rs889438737","G>A","C>T",22833266,22833267,NA,NA,NA
"NC_000002.11:g.96778680C>A","rs76946607","C>A","G>T",96778679,96778680,NA,NA,NA
"NC_000002.11:g.96778705G>A","rs182407237","G>A","C>T",96778704,96778705,NA,NA,NA
"NC_000002.11:g.96778894A>G","rs145612437","A>G","T>C",96778893,96778894,NA,NA,NA
"NC_000002.11:g.96778904C>T","rs369917442","C>T","G>A",96778903,96778904,NA,NA,NA
"NC_000002.11:g.96779015T>A","rs147773851","T>A","A>T",96779014,96779015,NA,NA,NA
"NC_000002.11:g.96779043T>C","rs29000576","T>C","A>G",96779042,96779043,NA,NA,NA
"NC_000002.11:g.96779049A>G","rs148821178","A>G","T>C",96779048,96779049,NA,NA,NA
"NC_000002.11:g.96779147G>A","rs142587561","G>A","C>T",96779146,96779147,NA,NA,NA
"NC_000002.11:g.96779159G>A","rs29000575","G>A","C>T",96779158,96779159,NA,NA,NA
"NC_000002.11:g.96779235C>T","rs29000574","C>T","G>A",96779234,96779235,NA,NA,NA
"NC_000002.11:g.96779341C>T","rs140847349","C>T","G>A",96779340,96779341,NA,NA,NA
"NC_000002.11:g.96779342G>A","rs29000573","G>A","C>T",96779341,96779342,NA,NA,NA
"NC_000002.11:g.96779429A>C","rs185994066","A>C","T>G",96779428,96779429,NA,NA,NA
"NC_000002.11:g.96779468C>T","rs189142434","C>T","G>A",96779467,96779468,NA,NA,NA
"NC_000002.11:g.96779482G>A","rs29000572","G>A","C>T",96779481,96779482,NA,NA,NA
"NC_000002.11:g.96779519C>T","rs181713863","C>T","G>A",96779518,96779519,NA,NA,NA
"NC_000002.11:g.96779544T>C","rs369276346","T>C","A>G",96779543,96779544,NA,NA,NA
"NC_000002.11:g.96779579G>A","rs373071216","G>A","C>T",96779578,96779579,NA,NA,NA
"NC_000002.11:g.96779587A>C","rs45568638","A>C","T>G",96779586,96779587,NA,NA,NA
"NC_000002.11:g.96779613A>G","rs185624106","A>G","T>C",96779612,96779613,NA,NA,NA
"NC_000002.11:g.96779654G>T","rs138645845","G>T","C>A",96779653,96779654,NA,NA,NA
"NC_000002.11:g.96779695A>C","rs3813662","A>C","T>G",96779694,96779695,NA,NA,NA
"NC_000002.11:g.96779779G>A","rs13306149","G>A","C>T",96779778,96779779,NA,NA,NA
"NC_000002.11:g.96779849G>T","rs2733970","G>T","C>A",96779848,96779849,NA,NA,NA
"NC_000002.11:g.96779909G>C","rs35994755","G>C","C>G",96779908,96779909,NA,NA,NA
"NC_000002.11:g.96779936C>A","rs191577530","C>A","G>T",96779935,96779936,NA,NA,NA
"NC_000002.11:g.96779991C>G","rs145519326","C>G","G>C",96779990,96779991,NA,NA,NA
"NC_000002.11:g.96780082C>T","rs29000571","C>T","G>A",96780081,96780082,NA,NA,NA
"NC_000002.11:g.96780122G>T","rs4907299","G>T","C>A",96780121,96780122,NA,NA,NA
"NC_000002.11:g.96780172G>A","rs138176506","G>A","C>T",96780171,96780172,NA,NA,NA
"NC_000002.11:g.96780227T>C","rs182375643","T>C","A>G",96780226,96780227,NA,NA,NA
"NC_000002.11:g.96780272A>G","rs13306148","A>G","T>C",96780271,96780272,NA,NA,NA
"NC_000002.11:g.96780498G>A","rs371368208","G>A","C>T",96780497,96780498,NA,NA,NA
"NC_000002.11:g.96780504G>A","rs35355631","G>A","C>T",96780503,96780504,NA,NA,NA
"NC_000002.11:g.96780506C>T","rs368428483","C>T","G>A",96780505,96780506,NA,NA,NA
"NC_000002.11:g.96780507G>A","rs372042632","G>A","C>T",96780506,96780507,NA,NA,NA
"NC_000002.11:g.96780513G>A","rs75133239","G>A","C>T",96780512,96780513,NA,NA,NA
"NC_000002.11:g.96780540C>T","rs34894270","C>T","G>A",96780539,96780540,NA,NA,NA
"NC_000002.11:g.96780543G>T","rs186085130","G>T","C>A",96780542,96780543,NA,NA,NA
"NC_000002.11:g.96780553C>T","rs367910193","C>T","G>A",96780552,96780553,"GCC>ACC","A>T","Ala>Thr"
"NC_000002.11:g.96780555G>A","rs200055567","G>A","C>T",96780554,96780555,"ACG>ATG","T>M","Thr>Met"
"NC_000002.11:g.96780565A>G","rs376416256","A>G","T>C",96780564,96780565,"TGG>CGG","W>R","Trp>Arg"
"NC_000002.11:g.96780592C>T","rs369918003","C>T","G>A",96780591,96780592,"GCC>ACC","A>T","Ala>Thr"
"NC_000002.11:g.96780632G>A","rs201182537","G>A","C>T",96780631,96780632,"AAC>AAT","N>N","Asn>Asn"
"NC_000002.11:g.96780650G>T","rs201199389","G>T","C>A",96780649,96780650,"TAC>TAA","Y>*","Tyr>Stp"
"NC_000002.11:g.96780651T>C","rs375641838","T>C","A>G",96780650,96780651,"TAC>TGC","Y>C","Tyr>Cys"
"NC_000002.11:g.96780671C>G","rs61745676","C>G","G>C",96780670,96780671,"CAG>CAC","Q>H","Gln>His"
"NC_000002.11:g.96780716T>G","rs2229169","T>G","A>C",96780715,96780716,"GGA>GGC","G>G","Gly>Gly"
"NC_000002.11:g.96780741G>A","rs373059413","G>A","C>T",96780740,96780741,"CCC>CTC","P>L","Pro>Leu"
"NC_000002.11:g.96780745A>G","rs376007357","A>G","T>C",96780744,96780745,"TTC>CTC","F>L","Phe>Leu"
"NC_000002.11:g.96780750C>T","rs369104505","C>T","G>A",96780749,96780750,"TGC>TAC","C>Y","Cys>Tyr"
"NC_000002.11:g.96780755C>A","rs372531531","C>A","G>T",96780754,96780755,"GTG>GTT","V>V","Val>Val"
"NC_000002.11:g.96780763C>T","rs29000569","C>T","G>A",96780762,96780763,"GTT>ATT","V>I","Val>Ile"
"NC_000002.11:g.96780804C>T","rs371217738","C>T","G>A",96780803,96780804,"CGG>CAG","R>Q","Arg>Gln"
"NC_000002.11:g.96780823G>A","rs371716124","G>A","C>T",96780822,96780823,"CGA>TGA","R>*","Arg>Stp"
"NC_000002.11:g.96780825C>T","rs200889434","C>T","G>A",96780824,96780825,"CGT>CAT","R>H","Arg>His"
"NC_000002.11:g.96780826G>A","rs191858217","G>A","C>T",96780825,96780826,"CGT>TGT","R>C","Arg>Cys"
"NC_000002.11:g.96780836C>T","rs375038887","C>T","G>A",96780835,96780836,"GGG>GGA","G>G","Gly>Gly"
"NC_000002.11:g.96780897C>A","rs370495632","C>A","G>T",96780896,96780897,"CGG>CTG","R>L","Arg>Leu"
"NC_000002.11:g.96780898G>A","rs375041292","G>A","C>T",96780897,96780898,"CGG>TGG","R>W","Arg>Trp"
"NC_000002.11:g.96780902G>A","rs367639127","G>A","C>T",96780901,96780902,"GGC>GGT","G>G","Gly>Gly"
"NC_000002.11:g.96780921G>C","rs45494291","G>C","C>G",96780920,96780921,"CCG>CGG","P>R","Pro>Arg"
"NC_000002.11:g.96780941C>T","rs372412131","C>T","G>A",96780940,96780941,"CCG>CCA","P>P","Pro>Pro"
"NC_000002.11:g.96780955C>T","rs200278633","C>T","G>A",96780954,96780955,"GTG>ATG","V>M","Val>Met"
"NC_000002.11:g.96780970A>C","rs370106123","A>C","T>G",96780969,96780970,"TGT>GGT","C>G","Cys>Gly"
"NC_000002.11:g.96781087G>A","rs201255251","G>A","C>T",96781086,96781087,"CGG>TGG","R>W","Arg>Trp"
"NC_000002.11:g.96781191T>A","rs368576695","T>A","A>T",96781190,96781191,"AAA>ATA","K>I","Lys>Ile"
"NC_000002.11:g.96781217G>A","rs36097995","G>A","C>T",96781216,96781217,"GAC>GAT","D>D","Asp>Asp"
"NC_000002.11:g.96781240C>G","rs371934652","C>G","G>C",96781239,96781240,"GAG>CAG","E>Q","Glu>Gln"
"NC_000002.11:g.96781257C>G","rs9333568","C>G","G>C",96781256,96781257,"GGG>GCG","G>A","Gly>Ala"
"NC_000002.11:g.96781295G>A","rs28932482","G>A","C>T",96781294,96781295,"ATC>ATT","I>I","Ile>Ile"
"NC_000002.11:g.96781319A>G","rs187890656","A>G","T>C",96781318,96781319,"CTT>CTC","L>L","Leu>Leu"
"NC_000002.11:g.96781321G>A","rs372356977","G>A","C>T",96781320,96781321,"CTT>TTT","L>F","Leu>Phe"
"NC_000002.11:g.96781322G>A","rs375131185","G>A","C>T",96781321,96781322,"ATC>ATT","I>I","Ile>Ile"
"NC_000002.11:g.96781412G>A","rs369353304","G>A","C>T",96781411,96781412,"CGC>CGT","R>R","Arg>Arg"
"NC_000002.11:g.96781436C>T","rs372831901","C>T","G>A",96781435,96781436,"AAG>AAA","K>K","Lys>Lys"
"NC_000002.11:g.96781451C>T","rs13306147","C>T","G>A",96781450,96781451,"CCG>CCA","P>P","Pro>Pro"
"NC_000002.11:g.96781466G>A","rs375034155","G>A","C>T",96781465,96781466,"GCC>GCT","A>A","Ala>Ala"
"NC_000002.11:g.96781485G>A","rs79421642","G>A","C>T",96781484,96781485,"ACT>ATT","T>I","Thr>Ile"
"NC_000002.11:g.96781527T>C","rs375435216","T>C","A>G",96781526,96781527,"AAC>AGC","N>S","Asn>Ser"
"NC_000002.11:g.96781549C>T","rs369790085","C>T","G>A",96781548,96781549,"GTG>ATG","V>M","Val>Met"
"NC_000002.11:g.96781550G>A","rs372554591","G>A","C>T",96781549,96781550,"GCC>GCT","A>A","Ala>Ala"
"NC_000002.11:g.96781576C>T","rs202241079","C>T","G>A",96781575,96781576,"GCC>ACC","A>T","Ala>Thr"
"NC_000002.11:g.96781583G>A","rs370055953","G>A","C>T",96781582,96781583,"CAC>CAT","H>H","His>His"
"NC_000002.11:g.96781596G>T","rs368204339","G>T","C>A",96781595,96781596,"TCG>TAG","S>*","Ser>Stp"
"NC_000002.11:g.96781628C>A","rs373152903","C>A","G>T",96781627,96781628,"GTG>GTT","V>V","Val>Val"
"NC_000002.11:g.96781687A>T","rs191996571","A>T","T>A",96781686,96781687,"TTC>ATC","F>I","Phe>Ile"
"NC_000002.11:g.96781723C>T","rs370956755","C>T","G>A",96781722,96781723,"GCC>ACC","A>T","Ala>Thr"
"NC_000002.11:g.96781731G>A","rs369199441","G>A","C>T",96781730,96781731,"TCG>TTG","S>L","Ser>Leu"
"NC_000002.11:g.96781753G>C","rs373352937","G>C","C>G",96781752,96781753,"CCT>GCT","P>A","Pro>Ala"
"NC_000002.11:g.96781754G>A","rs376620259","G>A","C>T",96781753,96781754,"GCC>GCT","A>A","Ala>Ala"
"NC_000002.11:g.96781759G>A","rs183046877","G>A","C>T",96781758,96781759,"CGC>TGC","R>C","Arg>Cys"
"NC_000002.11:g.96781769G>A","rs35812638","G>A","C>T",96781768,96781769,"AGC>AGT","S>S","Ser>Ser"
"NC_000002.11:g.96781830G>A","rs370754756","G>A","C>T",96781829,96781830,"ACC>ATC","T>I","Thr>Ile"
"NC_000002.11:g.96781853T>C","rs9333567","T>C","A>G",96781852,96781853,"ACA>ACG","T>T","Thr>Thr"
"NC_000001.9:g.82634414C>G",NA,"C>G","G>C",82634413,82634414,NA,NA,NA
"NC_000001.9:g.10644897T>A",NA,"T>A","A>T",10644896,10644897,NA,NA,NA
"NC_000001.9:g.90046834G>C",NA,"G>C","C>G",90046833,90046834,NA,NA,NA
"NC_00000X.9:g.4933483C>G",NA,"C>G","G>C",4933482,4933483,NA,NA,NA
"NC_00000X.9:g.15060487T>C",NA,"T>C","A>G",15060486,15060487,NA,NA,NA
"NC_00000X.9:g.4685196G>A",NA,"G>A","C>T",4685195,4685196,NA,NA,NA
"NC_000014.9:g.94373436T>C",NA,"T>C","A>G",94373435,94373436,NA,NA,NA
"NC_000014.9:g.17159017C>A",NA,"C>A","G>T",17159016,17159017,NA,NA,NA
"NC_000014.9:g.6839262G>C",NA,"G>C","C>G",6839261,6839262,NA,NA,NA
"NC_000008.9:g.35239627C>T",NA,"C>T","G>A",35239626,35239627,NA,NA,NA
"NC_000008.9:g.11490908C>T",NA,"C>T","G>A",11490907,11490908,NA,NA,NA
"NC_000008.9:g.121585641C>T",NA,"C>T","G>A",121585640,121585641,NA,NA,NA
